motif_id	motif_alt_id	sequence_name	start	stop	strand	score	p-value	q-value	matched_sequence
WAACGCCGRV	MEME-4	CNAG_04840::10:267046-267176(-)	24	33	+	16.4667	8.27e-07	0.0185	AAACGCCGAG
WAACGCCGRV	MEME-4	CNAG_02754::3:840355-840485(-)	37	46	+	16.4667	8.27e-07	0.0185	AAACGCCGAG
WAACGCCGRV	MEME-4	CNAG_04762::10:468606-468736(+)	28	37	+	16.2533	1.5e-06	0.0185	AAACGCCGGG
WAACGCCGRV	MEME-4	CNAG_02754::3:840355-840485(-)	47	56	+	16.2533	1.5e-06	0.0185	AAACGCCGGG
WAACGCCGRV	MEME-4	CNAG_01587::11:361157-361287(+)	2	11	+	16.12	2.52e-06	0.0185	AAACGCCGAA
WAACGCCGRV	MEME-4	CNAG_04799::10:371367-371497(-)	25	34	+	16.12	2.52e-06	0.0185	AAACGCCGAA
WAACGCCGRV	MEME-4	CNAG_00785::1:2063392-2063522(+)	32	41	+	16.12	2.52e-06	0.0185	AAACGCCGAA
WAACGCCGRV	MEME-4	CNAG_00694::1:1806816-1806946(+)	37	46	+	15.6933	4.8e-06	0.0246	AAACGCCGGC
WAACGCCGRV	MEME-4	CNAG_05437::14:309625-309755(+)	40	49	+	15.6933	4.8e-06	0.0246	AAACGCCGGC
WAACGCCGRV	MEME-4	CNAG_00483::1:1242397-1242527(+)	9	18	+	15.6667	5.58e-06	0.0246	TAACGCCGAG
WAACGCCGRV	MEME-4	CNAG_05997::12:43337-43467(-)	38	47	+	15.6667	5.58e-06	0.0246	TAACGCCGAG
WAACGCCGRV	MEME-4	CNAG_01991::11:1473550-1473680(+)	35	44	+	15.4533	6.22e-06	0.0246	TAACGCCGGG
WAACGCCGRV	MEME-4	CNAG_03315::8:633176-633306(-)	41	50	+	15.4533	6.22e-06	0.0246	TAACGCCGGG
WAACGCCGRV	MEME-4	CNAG_06779::2:61503-61633(-)	34	43	+	15.1067	8.73e-06	0.0299	TAACGCCGGA
WAACGCCGRV	MEME-4	CNAG_04114::9:40542-40672(+)	39	48	+	15.1067	8.73e-06	0.0299	TAACGCCGAC
WAACGCCGRV	MEME-4	CNAG_00140::1:380755-380885(-)	21	30	+	14.8933	1.03e-05	0.0332	TAACGCCGGC
WAACGCCGRV	MEME-4	CNAG_03627::2:383241-383371(+)	4	13	+	14.7067	1.11e-05	0.0336	AAACTCCGGG
WAACGCCGRV	MEME-4	CNAG_00232::1:612500-612630(-)	30	39	+	14.5733	1.23e-05	0.0351	AAACTCCGAA
WAACGCCGRV	MEME-4	CNAG_01300::5:646937-647067(+)	45	54	+	14.36	1.52e-05	0.041	AAACTCCGAC
WAACGCCGRV	MEME-4	CNAG_01274::5:728651-728781(+)	27	36	+	13.9067	1.84e-05	0.0472	TAACTCCGGG
WAACGCCGRV	MEME-4	CNAG_04114::9:40542-40672(+)	1	10	+	13.76	2.14e-05	0.0519	TAACGCCGAT
WAACGCCGRV	MEME-4	CNAG_03000::3:237654-237784(+)	113	122	+	13.68	2.22e-05	0.0519	AAATGCCGGG
WAACGCCGRV	MEME-4	CNAG_01428::5:331385-331515(+)	35	44	+	13.5467	2.6e-05	0.0536	AAATGCCGAA
WAACGCCGRV	MEME-4	CNAG_01951::11:1349117-1349247(+)	39	48	+	13.5467	2.6e-05	0.0536	AAATGCCGAA
WAACGCCGRV	MEME-4	CNAG_01990::11:1472348-1472478(-)	12	21	+	13.3333	2.87e-05	0.0536	AAATGCCGGA
WAACGCCGRV	MEME-4	CNAG_01428::5:331385-331515(+)	43	52	+	13.12	2.95e-05	0.0536	AAATGCCGGC
WAACGCCGRV	MEME-4	CNAG_06246::12:725416-725546(-)	29	38	+	13.0133	3.15e-05	0.0536	AAACTCCGAT
WAACGCCGRV	MEME-4	CNAG_01951::11:1349117-1349247(+)	29	38	+	13.0133	3.15e-05	0.0536	AAACTCCGAT
WAACGCCGRV	MEME-4	CNAG_05904::7:1171782-1171912(+)	29	38	+	13.0133	3.15e-05	0.0536	AAACTCCGAT
WAACGCCGRV	MEME-4	CNAG_06908::3:1489019-1489149(-)	94	103	+	13.0133	3.15e-05	0.0536	AAACTCCGAT
WAACGCCGRV	MEME-4	CNAG_04762::10:468606-468736(+)	40	49	+	12.88	3.23e-05	0.0536	TAATGCCGGG
WAACGCCGRV	MEME-4	CNAG_01990::11:1472348-1472478(-)	4	13	+	12.7467	3.44e-05	0.0546	TAATGCCGAA
WAACGCCGRV	MEME-4	CNAG_05556::14:632649-632779(+)	29	38	+	12.6267	3.5e-05	0.0546	AAACGCCGCG
WAACGCCGRV	MEME-4	CNAG_01170::5:1017263-1017393(-)	4	13	+	12.5333	3.69e-05	0.0558	TAATGCCGAC
WAACGCCGRV	MEME-4	CNAG_05437::14:309625-309755(+)	30	39	+	11.2667	5.39e-05	0.0791	TAACGCCGCC
WAACGCCGRV	MEME-4	CNAG_06246::12:725416-725546(-)	17	26	+	11.1867	5.63e-05	0.0793	TAATGCCGAT
WAACGCCGRV	MEME-4	CNAG_06605::7:252282-252412(-)	13	22	+	11.08	5.71e-05	0.0793	AAACTCCGCG
WAACGCCGRV	MEME-4	CNAG_01323::5:597854-597984(-)	21	30	+	10.72	6.27e-05	0.0848	AAACGCCGCT
WAACGCCGRV	MEME-4	CNAG_05416::14:252939-253069(-)	36	45	+	9.92	6.9e-05	0.0896	TAACGCCGCT
WAACGCCGRV	MEME-4	CNAG_03544::8:1242177-1242307(+)	22	31	+	9.72	6.97e-05	0.0896	TAACTCCGCC
WAACGCCGRV	MEME-4	CNAG_03722::2:622875-623005(+)	5	14	+	8.37333	7.88e-05	0.0978	TAACTCCGCT
WAACGCCGRV	MEME-4	CNAG_06811::5:200975-201105(+)	53	62	+	7.94667	8.18e-05	0.0978	AAATTCCGCC
WAACGCCGRV	MEME-4	CNAG_00092::1:255924-256054(+)	6	15	+	7.70667	8.26e-05	0.0978	TAATTCCGCG
WAACGCCGRV	MEME-4	CNAG_04668::10:733548-733678(-)	92	101	+	7.36	8.37e-05	0.0978	TAATTCCGCA
WAACGCCGRV	MEME-4	CNAG_01884::11:1174211-1174341(+)	7	16	+	4.26667	9.33e-05	0.107	CAACGCCGAA
WAACGCCGRV	MEME-4	CNAG_05464::14:378175-378305(+)	116	125	+	3.82667	0.00011	0.123	AAACCCCGAA
WAACGCCGRV	MEME-4	CNAG_04694::10:679538-679668(-)	116	125	+	3.69333	0.000115	0.125	AAAAGCCGGG
WAACGCCGRV	MEME-4	CNAG_03190::8:299359-299489(+)	1	10	+	3.65333	0.000119	0.125	TAACGCCGTA
WAACGCCGRV	MEME-4	CNAG_00602::1:1550111-1550241(-)	20	29	+	3.65333	0.000119	0.125	TAACGCCGTA
WAACGCCGRV	MEME-4	CNAG_04054::2:1508320-1508450(+)	24	33	+	3.64	0.00013	0.128	AATCGCCGAA
WAACGCCGRV	MEME-4	CNAG_00602::1:1550111-1550241(-)	30	39	+	3.64	0.00013	0.128	AATCGCCGAA
WAACGCCGRV	MEME-4	CNAG_06138::12:405982-406112(+)	34	43	+	3.64	0.00013	0.128	AATCGCCGAA
WAACGCCGRV	MEME-4	CNAG_02486::6:189847-189977(-)	21	30	+	3.61333	0.000133	0.129	AAACACCGAC
WAACGCCGRV	MEME-4	CNAG_07354::1:871166-871296(+)	14	23	+	3.42667	0.000152	0.144	ATACGCCGAC
WAACGCCGRV	MEME-4	CNAG_02686::3:1018818-1018948(-)	120	129	+	3.33333	0.000162	0.151	AAACGCCAAA
WAACGCCGRV	MEME-4	CNAG_05507::14:502586-502716(+)	72	81	+	3.29333	0.000169	0.151	AAACGTCGAA
WAACGCCGRV	MEME-4	CNAG_00779::1:2051918-2052048(+)	3	12	+	3.25333	0.00017	0.151	AAACTCCGTG
WAACGCCGRV	MEME-4	CNAG_00716::1:1866654-1866784(+)	22	31	+	3.25333	0.00017	0.151	AAACTCCGTG
WAACGCCGRV	MEME-4	CNAG_06120::12:365501-365631(+)	93	102	+	3.10667	0.000188	0.163	TAAGGCCGAG
WAACGCCGRV	MEME-4	CNAG_02923::3:442364-442494(-)	51	60	+	3.08	0.000199	0.171	AAACGCAGGA
WAACGCCGRV	MEME-4	CNAG_05997::12:43337-43467(-)	28	37	+	2.97333	0.000206	0.174	TATCGCCGGG
WAACGCCGRV	MEME-4	CNAG_02511::6:125905-126035(+)	9	18	+	2.86667	0.000219	0.181	AAACGTCGGC
WAACGCCGRV	MEME-4	CNAG_01320::5:601315-601445(+)	23	32	+	2.84	0.000231	0.188	TATCGCCGAA
WAACGCCGRV	MEME-4	CNAG_03190::8:299359-299489(+)	9	18	+	2.62667	0.000255	0.205	TACCGCCGGA
WAACGCCGRV	MEME-4	CNAG_04900::10:79148-79278(-)	54	63	+	2.49333	0.000274	0.217	TAACGACGAA
WAACGCCGRV	MEME-4	CNAG_04676::10:720598-720728(-)	51	60	+	2.41333	0.000283	0.221	TACCGCCGGC
WAACGCCGRV	MEME-4	CNAG_02754::3:840355-840485(-)	107	116	+	2.13333	0.000316	0.243	AAACTCCCAG
WAACGCCGRV	MEME-4	CNAG_04668::10:733548-733678(-)	16	25	+	1.73333	0.000404	0.306	AAACGGCGAT
WAACGCCGRV	MEME-4	CNAG_03810::2:904929-905059(+)	15	24	+	1.66667	0.000411	0.306	AATCTCCGGC
WAACGCCGRV	MEME-4	CNAG_00232::1:612500-612630(-)	85	94	+	1.52	0.00045	0.328	AAACGCTGGT
WAACGCCGRV	MEME-4	CNAG_05839::7:1013071-1013201(-)	11	20	+	1.46667	0.000455	0.328	TAACCCCGAT
WAACGCCGRV	MEME-4	CNAG_00140::1:380755-380885(-)	11	20	+	1.42667	0.00046	0.328	TGACTCCGGG
WAACGCCGRV	MEME-4	CNAG_03000::3:237654-237784(+)	4	13	+	1.34667	0.000472	0.328	AAACTCCGTT
WAACGCCGRV	MEME-4	CNAG_03301::8:603521-603651(-)	56	65	+	1.33333	0.000475	0.328	TAACTCCAAG
WAACGCCGRV	MEME-4	CNAG_01323::5:597854-597984(-)	13	22	+	1.29333	0.000492	0.328	TATCTCCGAA
WAACGCCGRV	MEME-4	CNAG_05416::14:252939-253069(-)	45	54	+	1.29333	0.000492	0.328	TATCTCCGAA
WAACGCCGRV	MEME-4	CNAG_02213::6:903958-904088(-)	46	55	+	1.28	0.000497	0.328	TGACGCCGAT
WAACGCCGRV	MEME-4	CNAG_07889::14:773216-773346(+)	43	52	+	1.26667	0.000498	0.328	CAATGCCGGC
WAACGCCGRV	MEME-4	CNAG_05865::7:1074927-1075057(-)	1	10	+	1.06667	0.000552	0.35	AATTGCCGAA
WAACGCCGRV	MEME-4	CNAG_07903::12:340722-340852(-)	6	15	+	1.06667	0.000552	0.35	AGATGCCGAA
WAACGCCGRV	MEME-4	CNAG_03814::2:913255-913385(-)	31	40	+	1.06667	0.000552	0.35	AATTGCCGAA
WAACGCCGRV	MEME-4	CNAG_02266::6:744499-744629(+)	32	41	+	0.866667	0.000592	0.371	TAATGCCGTC
WAACGCCGRV	MEME-4	CNAG_04668::10:733548-733678(-)	6	15	+	0.853333	0.000607	0.372	AAATGTCGGG
WAACGCCGRV	MEME-4	CNAG_06630::7:326241-326371(-)	32	41	+	0.853333	0.000607	0.372	AATTGCCGAC
WAACGCCGRV	MEME-4	CNAG_02491::6:174406-174536(-)	106	115	+	0.773333	0.00062	0.375	TAACTCCCAC
WAACGCCGRV	MEME-4	CNAG_05755::7:783267-783397(-)	24	33	+	0.72	0.000653	0.385	TAACGGCGGT
WAACGCCGRV	MEME-4	CNAG_02923::3:442364-442494(-)	61	70	+	0.72	0.000653	0.385	AAATGTCGAA
WAACGCCGRV	MEME-4	CNAG_05282::4:930030-930160(-)	2	11	+	0.64	0.000658	0.385	AATTGCCGGC
WAACGCCGRV	MEME-4	CNAG_00510::1:1301936-1302066(+)	18	27	+	0.266667	0.000746	0.431	TATTGCCGAA
WAACGCCGRV	MEME-4	CNAG_05910::7:1193798-1193928(-)	117	126	+	0.146667	0.00077	0.44	CAATTCCGAA
WAACGCCGRV	MEME-4	CNAG_00436::1:1137005-1137135(-)	50	59	+	-0.2	0.000844	0.472	AGACGCCGCA
WAACGCCGRV	MEME-4	CNAG_04066::2:1537220-1537350(-)	19	28	+	-0.226667	0.000845	0.472	AAACACCGCC
WAACGCCGRV	MEME-4	CNAG_01270::5:740190-740320(-)	90	99	+	-0.293333	0.000873	0.483	TAATGACGGA
WAACGCCGRV	MEME-4	CNAG_01204::5:934710-934840(+)	24	33	+	-0.466667	0.000895	0.49	TAACACCGCG
WAACGCCGRV	MEME-4	CNAG_04762::10:468606-468736(+)	64	73	+	-0.48	0.000916	0.495	AAATTGCGAG
WAACGCCGRV	MEME-4	CNAG_04080::2:1573103-1573233(+)	72	81	+	-0.493333	0.000924	0.495	AACTGCCGAT
WAACGCCGRV	MEME-4	CNAG_07352::1:868899-869029(+)	9	18	+	-0.706667	0.000983	0.518	ATATGCCGGT
WAACGCCGRV	MEME-4	CNAG_02925::3:436986-437116(-)	71	80	+	-0.733333	0.000987	0.518	TAAGGCCGCG

# FIMO (Find Individual Motif Occurrences): Version 5.4.1 compiled on Aug 25 2021 at 17:37:39
# The format of this file is described at https://meme-suite.org/meme/doc/fimo-output-format.html.
# fimo --oc . --verbosity 1 --thresh 0.001 --norc motifs.meme StatBroad_genes_output.fa
